time,current bs,availability,cio,hyst,ttt
0.0,2,1.0,0.0,1.0,0.08
1.0,2,1.0,0.0,1.0,0.08
2.0,2,1.0,0.0,1.0,0.08
3.0,2,1.0,0.0,1.0,0.08
4.0,2,1.0,0.0,1.0,0.08
5.0,2,1.0,0.0,1.0,0.08
6.0,2,1.0,0.0,1.0,0.08
7.0,2,1.0,0.0,1.0,0.08
8.0,2,1.0,0.0,1.0,0.08
9.0,2,1.0,0.0,1.0,0.08
10.0,2,1.0,0.0,1.0,0.08
11.0,2,1.0,0.0,1.0,0.08
12.0,2,1.0,0.0,1.0,0.08
13.0,2,1.0,0.0,1.0,0.08
14.0,2,1.0,0.0,1.0,0.08
15.0,2,1.0,0.0,1.0,0.08
16.0,2,1.0,0.0,1.0,0.08
17.0,2,1.0,0.0,1.0,0.08
18.0,2,1.0,0.0,1.0,0.08
19.0,2,1.0,0.0,1.0,0.08
20.0,2,1.0,0.0,1.0,0.08
21.0,2,0.99,0.0,1.0,0.08
22.0,2,0.97,0.0,1.0,0.08
23.0,2,0.97,0.0,1.0,0.08
24.0,2,0.34,1.5,1.0,0.08
25.0,2,0.31,1.5,1.0,0.08
26.0,2,0.29,1.5,1.0,1.024
27.0,2,0.0,1.5,1.0,1.024
28.0,2,0.3,1.5,1.0,0.512
29.0,2,0.32,1.5,1.0,0.512
30.0,2,0.33,1.5,1.0,0.64
31.0,2,0.31,1.5,1.0,0.512
32.0,2,0.0,1.5,1.0,0.512
33.0,2,0.3,1.5,1.0,0.64
34.0,2,0.0,1.5,1.0,0.512
35.0,2,0.0,1.5,1.0,0.512
36.0,2,0.02,3.5,1.0,0.512
37.0,2,0.0,3.5,1.0,0.512
38.0,2,0.0,3.5,1.0,0.64
39.0,2,0.0,3.5,1.0,0.512
40.0,2,0.0,3.5,1.0,0.64
41.0,2,0.0,3.5,1.0,0.64
42.0,2,0.0,3.5,1.0,0.64
43.0,2,0.0,3.5,1.0,0.64
44.0,2,0.0,3.5,1.0,1.024
45.0,2,0.0,3.5,1.0,1.024
46.0,2,0.0,3.5,1.0,1.024
47.0,2,0.0,3.5,1.0,1.024
48.0,2,0.0,3.5,1.0,1.024
49.0,2,0.0,3.5,1.0,1.024
50.0,2,0.0,3.5,1.0,1.024
51.0,2,0.0,3.5,1.0,1.024
52.0,2,0.0,3.5,1.0,1.024
53.0,2,0.0,3.5,1.0,1.024
54.0,2,0.0,3.5,1.0,1.024
55.0,2,0.0,3.5,1.0,1.024
56.0,2,0.01,3.5,1.0,1.024
57.0,2,0.01,3.5,1.0,0.64
58.0,2,0.0,3.5,1.0,1.024
59.0,2,0.39,3.5,1.0,1.024
60.0,2,0.0,3.5,1.0,1.024
61.0,2,0.4,3.5,1.0,1.024
62.0,2,0.0,3.5,1.0,1.024
63.0,2,0.0,3.5,1.0,1.024
64.0,2,0.0,3.5,1.0,1.024
65.0,2,0.35,3.5,1.0,1.024
66.0,2,0.35,2.5,1.0,1.024
67.0,2,0.0,2.5,1.0,1.024
68.0,2,0.0,2.5,1.0,1.024
69.0,2,0.0,2.5,1.0,1.024
70.0,2,0.0,2.5,1.0,1.024
71.0,2,0.0,3.5,1.0,1.024
72.0,2,0.4,3.5,1.0,1.024
73.0,2,0.0,3.5,1.0,1.024
74.0,2,0.0,3.5,1.0,1.024
75.0,2,0.07,3.5,1.0,1.024
76.0,2,0.0,3.5,1.0,1.024
77.0,2,0.28,3.5,1.0,1.024
78.0,2,0.0,3.5,1.0,1.024
79.0,2,0.38,3.5,1.0,1.024
80.0,2,0.0,3.5,1.0,1.024
81.0,2,0.0,3.5,1.0,1.024
82.0,2,0.45,3.5,1.0,1.024
83.0,2,0.0,3.5,1.0,1.28
84.0,2,0.41,3.5,1.0,1.28
85.0,2,0.0,3.5,1.0,1.28
86.0,2,0.0,3.5,1.0,1.28
87.0,2,0.37,3.5,1.0,1.28
88.0,2,0.0,3.5,1.0,1.28
89.0,2,0.27,3.5,1.0,1.28
90.0,2,0.0,3.5,1.0,1.28
91.0,2,0.26,2.0,1.0,1.28
92.0,2,0.0,2.0,1.0,1.28
93.0,2,0.0,2.0,1.0,1.28
94.0,2,0.0,2.0,1.0,1.28
95.0,2,0.0,2.0,1.0,1.28
96.0,2,0.0,3.5,1.0,1.28
97.0,2,0.63,3.5,1.0,1.28
98.0,2,0.63,3.5,1.0,1.28
99.0,2,0.69,3.5,1.0,1.28
100.0,2,0.69,3.5,1.0,1.28
101.0,2,0.67,0.0,1.0,1.28
102.0,2,0.67,0.0,1.0,1.28
103.0,2,0.68,0.0,1.0,1.28
104.0,2,0.68,0.0,1.0,1.28
105.0,2,0.79,0.0,1.0,1.28
106.0,2,0.77,0.0,1.0,1.28
107.0,2,0.0,0.0,1.0,1.28
108.0,2,0.78,0.0,1.0,1.28
109.0,2,0.78,0.0,1.0,1.28
110.0,2,0.65,0.0,1.0,1.28
111.0,2,0.65,0.0,1.0,1.28
112.0,2,0.65,0.0,1.0,1.28
113.0,2,0.65,0.0,1.0,1.28
114.0,2,0.65,0.0,1.0,1.28
115.0,2,0.58,0.0,1.0,1.28
116.0,2,0.54,0.0,1.0,1.28
117.0,2,0.53,0.0,1.0,1.024
118.0,2,0.54,0.0,1.0,1.024
119.0,2,0.53,0.0,1.0,1.024
120.0,2,0.52,0.0,1.0,1.024
121.0,2,0.53,0.5,1.0,1.024
122.0,2,0.46,0.5,1.0,1.024
123.0,2,0.22,0.5,1.0,1.024
124.0,2,0.22,0.5,1.0,1.024
125.0,2,0.18,0.5,1.0,1.024
126.0,2,0.18,2.5,1.0,1.28
127.0,2,0.41,2.5,1.0,1.28
128.0,2,0.0,2.5,1.0,1.024
129.0,2,0.38,2.5,1.0,1.28
130.0,2,0.0,2.5,1.0,1.28
131.0,2,0.38,3.5,1.0,1.28
132.0,2,0.64,3.5,1.0,1.28
133.0,2,0.0,3.5,1.0,1.28
134.0,2,0.81,3.5,1.0,1.28
135.0,2,0.0,3.5,1.0,1.28
136.0,2,0.8,3.5,1.0,1.28
137.0,2,0.0,3.5,1.0,1.28
138.0,2,0.64,3.5,1.0,1.28
139.0,2,0.82,3.5,1.0,1.28
140.0,2,0.64,3.5,1.0,1.28
141.0,2,0.83,0.0,1.0,1.28
142.0,2,0.65,0.0,1.0,1.28
143.0,2,0.65,0.0,1.0,1.28
144.0,2,0.82,0.0,1.0,1.28
145.0,2,0.65,0.0,1.0,1.28
146.0,2,0.65,0.0,1.0,1.28
147.0,2,0.65,0.0,1.0,1.28
148.0,2,0.66,0.0,1.0,1.28
149.0,2,0.66,0.0,1.0,1.28
150.0,2,0.66,0.0,1.0,1.28
151.0,2,0.66,0.0,1.0,1.28
152.0,2,0.67,0.0,1.0,1.28
153.0,2,0.66,0.0,1.0,1.28
154.0,2,0.0,0.0,1.0,1.28
155.0,2,0.66,0.0,1.0,1.28
156.0,2,0.66,0.0,1.0,1.28
157.0,2,0.67,0.0,1.0,1.28
158.0,2,0.73,0.0,1.0,1.28
159.0,2,0.73,0.0,1.0,1.28
160.0,2,0.82,0.0,1.0,1.28
161.0,2,0.84,0.0,1.0,1.28
162.0,2,0.84,0.0,1.0,1.28
163.0,2,0.83,0.0,1.0,1.28
164.0,2,0.82,0.0,1.0,1.28
165.0,2,0.82,0.0,1.0,1.28
166.0,2,0.83,0.0,1.0,1.28
167.0,2,0.63,0.0,1.0,1.024
168.0,2,0.63,0.0,1.0,1.024
169.0,2,0.64,0.0,1.0,1.024
170.0,2,0.69,0.0,1.0,1.024
171.0,2,0.68,0.0,1.0,1.024
172.0,2,0.68,0.0,1.0,1.024
173.0,2,0.68,0.0,1.0,1.024
174.0,2,0.69,0.0,1.0,1.024
175.0,2,0.68,0.0,1.0,1.024
176.0,2,0.7,0.0,1.0,1.024
177.0,2,0.7,0.0,1.0,1.024
178.0,2,0.7,0.0,1.0,1.024
179.0,2,0.71,0.0,1.0,1.024
180.0,2,0.7,0.0,1.0,1.024
181.0,2,0.7,0.0,1.0,1.024
182.0,2,0.69,0.0,1.0,1.024
183.0,2,0.71,0.0,1.0,1.024
184.0,2,0.71,0.0,1.0,1.024
185.0,2,0.7,0.0,1.0,1.024
186.0,2,0.66,0.0,1.0,1.024
187.0,2,0.59,0.0,1.0,1.024
188.0,2,0.59,0.0,1.0,1.024
189.0,2,0.65,0.0,1.0,1.024
190.0,2,0.65,0.0,1.0,1.024
191.0,2,0.65,0.0,1.0,1.024
192.0,2,0.25,0.0,1.0,1.024
193.0,2,0.23,0.0,1.0,1.024
194.0,2,0.29,0.0,1.0,1.024
195.0,2,0.29,0.0,1.0,1.024
196.0,2,0.29,1.5,1.0,1.024
197.0,2,0.29,1.5,1.0,1.024
198.0,2,0.29,1.5,1.0,1.024
199.0,2,0.27,1.5,1.0,1.024
200.0,2,0.27,1.5,1.0,1.024
201.0,2,0.27,2.0,1.0,1.024
202.0,2,0.27,2.0,1.0,1.024
203.0,2,0.26,2.0,1.0,1.024
204.0,2,0.25,2.0,1.0,1.024
205.0,2,0.27,2.0,1.0,1.024
206.0,2,0.24,2.0,1.0,1.024
207.0,2,0.27,2.0,1.0,1.024
208.0,2,0.25,2.0,1.0,1.024
209.0,2,0.08,2.0,1.0,1.024
210.0,2,0.42,2.0,1.0,1.024
211.0,2,0.36,1.0,1.0,1.024
212.0,2,0.35,1.0,1.0,1.024
213.0,2,0.37,1.0,1.0,1.024
214.0,2,0.37,1.0,1.0,1.024
215.0,2,0.37,1.0,1.0,1.024
216.0,2,0.36,1.5,1.0,1.024
217.0,2,0.35,1.5,1.0,1.024
218.0,2,0.35,1.5,1.0,1.024
219.0,2,0.35,1.5,1.0,1.024
220.0,2,0.34,1.5,1.0,1.024
221.0,2,0.36,1.5,1.0,1.024
222.0,2,0.33,1.5,1.0,1.024
223.0,2,0.1,1.5,1.0,1.024
224.0,2,0.5,1.5,1.0,1.024
225.0,2,0.1,1.5,1.0,1.024
226.0,2,0.51,2.5,1.0,1.024
227.0,2,0.51,2.5,1.0,1.024
228.0,2,0.43,2.5,1.0,1.024
229.0,2,0.44,2.5,1.0,1.024
230.0,2,0.43,2.5,1.0,1.024
231.0,2,0.49,1.0,1.0,1.024
232.0,2,0.51,1.0,1.0,1.024
233.0,2,0.51,1.0,1.0,1.024
234.0,2,0.5,1.0,1.0,1.024
235.0,2,0.51,1.0,1.0,1.024
236.0,2,0.46,0.5,1.0,1.024
237.0,2,0.47,0.5,1.0,1.024
238.0,2,0.47,0.5,1.0,1.024
239.0,2,0.47,0.5,1.0,1.024
240.0,2,0.47,0.5,1.0,1.024
241.0,2,0.0,3.5,1.0,1.024
242.0,2,0.49,3.5,1.0,1.024
243.0,2,0.47,3.5,1.0,1.024
244.0,2,0.49,3.5,1.0,1.024
245.0,2,0.49,3.5,1.0,1.024
246.0,2,0.6,0.0,1.0,1.024
247.0,2,0.59,0.0,1.0,1.024
248.0,2,0.59,0.0,1.0,1.024
249.0,2,0.59,0.0,1.0,1.024
250.0,2,0.6,0.0,1.0,1.024
251.0,2,0.59,0.0,1.0,1.024
252.0,2,0.6,0.0,1.0,1.024
253.0,2,0.6,0.0,1.0,1.024
254.0,2,0.32,0.0,1.0,1.024
255.0,2,0.32,0.0,1.0,1.024
256.0,2,0.0,3.5,1.0,1.024
257.0,2,0.72,3.5,1.0,1.024
258.0,2,0.0,3.5,1.0,1.024
259.0,2,0.0,3.5,1.0,1.024
260.0,2,0.59,3.5,1.0,1.024
261.0,2,0.0,0.0,1.0,1.024
262.0,2,0.78,0.0,1.0,1.024
263.0,2,0.0,0.0,1.0,1.024
264.0,2,0.78,0.0,1.0,1.024
265.0,2,0.78,0.0,1.0,1.024
266.0,2,0.0,3.5,1.0,1.024
267.0,2,0.0,3.5,1.0,1.024
268.0,2,0.0,3.5,1.0,1.024
269.0,2,0.78,3.5,1.0,1.024
270.0,2,0.0,3.5,1.0,1.024
271.0,2,0.84,3.5,1.0,1.024
272.0,2,0.83,3.5,1.0,1.024
273.0,2,0.81,3.5,1.0,1.024
274.0,2,0.0,3.5,1.0,1.024
275.0,2,0.82,3.5,1.0,1.024
276.0,2,0.0,3.5,1.0,1.024
277.0,2,0.0,3.5,1.0,1.024
278.0,2,0.89,3.5,1.0,1.024
279.0,2,0.0,3.5,1.0,1.024
280.0,2,0.85,3.5,1.0,1.024
281.0,2,0.0,0.0,1.0,1.024
282.0,2,0.0,0.0,1.0,1.28
283.0,2,0.0,0.0,1.0,1.024
284.0,2,0.0,0.0,1.0,1.024
285.0,2,0.0,0.0,1.0,1.024
286.0,2,0.0,3.5,1.0,1.024
287.0,2,0.88,3.5,1.0,1.024
288.0,2,0.0,3.5,1.0,1.024
289.0,2,0.87,3.5,1.0,1.024
290.0,2,0.0,3.5,1.0,1.024
291.0,2,0.87,3.5,1.0,1.024
292.0,2,0.86,3.5,1.0,1.024
293.0,2,0.05,3.5,1.0,1.024
294.0,2,0.05,3.5,1.0,1.024
295.0,2,0.0,3.5,1.0,1.024
296.0,2,0.05,3.5,1.0,1.024
297.0,2,0.0,3.5,1.0,1.024
298.0,2,0.88,3.5,1.0,1.024
299.0,2,0.0,3.5,1.0,1.024
300.0,2,0.0,3.5,1.0,1.28
301.0,2,0.88,0.0,1.0,1.28
302.0,2,0.0,0.0,1.0,1.28
303.0,2,0.0,0.0,1.0,1.024
304.0,2,0.0,0.0,1.0,1.024
305.0,2,0.0,0.0,1.0,1.024
306.0,2,0.0,3.5,1.0,1.024
307.0,2,0.89,3.5,1.0,1.024
308.0,2,0.0,3.5,1.0,1.024
309.0,2,0.0,3.5,1.0,1.024
310.0,2,0.9,3.5,1.0,1.024
311.0,2,0.89,0.0,1.0,1.024
312.0,2,0.9,0.0,1.0,1.024
313.0,2,0.9,0.0,1.0,1.024
314.0,2,0.9,0.0,1.0,1.024
315.0,2,0.9,0.0,1.0,1.024
316.0,2,0.9,0.0,1.0,1.024
317.0,2,0.9,0.0,1.0,1.024
318.0,2,0.9,0.0,1.0,1.024
319.0,2,0.54,0.0,1.0,1.024
320.0,2,0.46,0.0,1.0,1.024
321.0,2,0.47,0.5,1.0,1.024
322.0,2,0.01,0.5,1.0,1.024
323.0,2,0.42,0.5,1.0,1.024
324.0,2,0.37,0.5,1.0,1.024
325.0,2,0.0,0.5,1.0,1.024
326.0,2,0.37,1.5,1.0,1.024
327.0,2,0.01,1.5,1.0,1.024
328.0,2,0.17,1.5,1.0,1.024
329.0,2,0.0,1.5,1.0,1.024
330.0,2,0.33,1.5,1.0,0.64
331.0,2,0.0,1.5,1.0,0.64
332.0,2,0.0,1.5,1.0,0.64
333.0,2,0.0,1.5,1.0,0.64
334.0,2,0.0,1.5,1.0,0.64
335.0,2,0.0,1.5,1.0,1.024
336.0,2,0.0,3.5,1.0,1.024
337.0,2,0.0,3.5,1.0,1.024
338.0,2,0.01,3.5,1.0,1.024
339.0,2,0.0,3.5,1.0,1.024
340.0,2,0.0,3.5,1.0,1.024
341.0,2,0.0,3.5,1.0,1.024
342.0,2,0.0,3.5,1.0,1.024
343.0,2,0.0,3.5,1.0,0.64
344.0,2,0.0,3.5,1.0,1.024
345.0,2,0.0,3.5,1.0,0.64
346.0,2,0.0,3.5,1.0,0.64
347.0,2,0.0,3.5,1.0,1.024
348.0,2,0.0,3.5,1.0,1.024
349.0,2,0.35,3.5,1.0,1.024
350.0,2,0.34,3.5,1.0,1.024
351.0,2,0.35,1.5,1.0,1.024
352.0,2,0.0,1.5,1.0,1.024
353.0,2,0.35,1.5,1.0,1.024
354.0,2,0.0,1.5,1.0,1.024
355.0,2,0.0,1.5,1.0,1.024
356.0,2,0.0,2.5,1.0,1.024
357.0,2,0.0,2.5,1.0,1.024
358.0,2,0.0,2.5,1.0,1.024
359.0,2,0.0,2.5,1.0,1.024
360.0,2,0.0,2.5,1.0,1.024
361.0,2,0.0,3.5,1.0,1.024
362.0,2,0.0,3.5,1.0,1.024
363.0,2,0.0,3.5,1.0,1.024
364.0,2,0.0,3.5,1.0,1.024
365.0,2,0.0,3.5,1.0,1.024
366.0,2,0.0,3.5,1.0,1.024
367.0,2,0.0,3.5,1.0,1.024
368.0,2,0.09,3.5,1.0,1.024
369.0,2,0.24,3.5,1.0,1.024
370.0,2,0.22,3.5,1.0,1.024
371.0,2,0.0,3.5,1.0,1.024
372.0,2,0.0,3.5,1.0,1.024
373.0,2,0.0,3.5,1.0,1.024
374.0,2,0.0,3.5,1.0,1.024
375.0,2,0.0,3.5,1.0,1.024
376.0,2,0.15,3.5,1.0,1.024
377.0,2,0.0,3.5,1.0,1.024
378.0,2,0.16,3.5,1.0,1.024
379.0,2,0.0,3.5,1.0,1.024
380.0,2,0.0,3.5,1.0,1.024
381.0,2,0.0,2.0,1.0,1.024
382.0,2,0.0,2.0,1.0,1.024
383.0,2,0.0,2.0,1.0,1.024
384.0,2,0.0,2.0,1.0,1.024
385.0,2,0.0,2.0,1.0,1.024
386.0,2,0.0,3.5,1.0,1.024
387.0,2,0.0,3.5,1.0,1.024
388.0,2,0.0,3.5,1.0,1.024
389.0,2,0.42,3.5,1.0,1.024
390.0,2,0.0,3.5,1.0,1.024
391.0,2,0.4,3.5,1.0,1.024
392.0,2,0.41,3.5,1.0,1.024
393.0,2,0.0,3.5,1.0,1.024
394.0,2,0.52,3.5,1.0,1.024
395.0,2,0.08,3.5,1.0,1.024
396.0,2,0.43,3.0,1.0,1.024
397.0,2,0.31,3.0,1.0,1.024
398.0,2,0.29,3.0,1.0,1.024
399.0,2,0.28,3.0,1.0,1.024
400.0,2,0.2,3.0,1.0,1.024
401.0,2,0.05,3.0,1.0,1.024
402.0,2,0.02,3.0,1.0,1.024
403.0,2,0.0,3.0,1.0,1.024
404.0,2,0.0,3.0,1.0,1.024
405.0,2,0.0,3.0,1.0,1.024
406.0,2,0.0,3.5,1.0,1.024
407.0,2,0.0,3.5,1.0,1.024
408.0,2,0.0,3.5,1.0,1.024
409.0,2,0.0,3.5,1.0,1.024
410.0,2,0.0,3.5,1.0,1.024
411.0,2,0.03,3.0,1.0,1.024
412.0,2,0.0,3.0,1.0,1.024
413.0,2,0.36,3.0,1.0,1.024
414.0,2,0.0,3.0,1.0,1.024
415.0,2,0.0,3.0,1.0,1.024
416.0,2,0.58,0.0,1.0,1.024
417.0,2,0.02,0.0,1.0,1.024
418.0,2,0.21,0.0,1.0,1.024
419.0,2,0.02,0.0,1.0,1.024
420.0,2,0.0,0.0,1.0,1.024
421.0,2,0.0,3.5,1.0,1.024
422.0,2,0.45,3.5,1.0,1.024
423.0,2,0.41,3.5,1.0,1.024
424.0,2,0.38,3.5,1.0,1.024
425.0,2,0.37,3.5,1.0,1.024
426.0,2,0.36,1.0,1.0,1.024
427.0,2,0.0,1.0,1.0,1.024
428.0,2,0.37,1.0,1.0,1.024
429.0,2,0.0,1.0,1.0,1.024
430.0,2,0.0,1.0,1.0,1.024
431.0,2,0.01,3.5,1.0,1.024
432.0,2,0.0,3.5,1.0,1.024
433.0,2,0.01,3.5,1.0,1.024
434.0,2,0.0,3.5,1.0,1.024
435.0,2,0.03,3.5,1.0,1.024
436.0,2,0.0,3.5,1.0,1.024
437.0,2,0.0,3.5,1.0,1.024
438.0,2,0.0,3.5,1.0,1.024
439.0,2,0.0,3.5,1.0,1.024
440.0,2,0.03,3.5,1.0,1.024
441.0,2,0.0,3.5,1.0,1.024
442.0,2,0.04,3.5,1.0,1.28
443.0,2,0.0,3.5,1.0,1.28
444.0,2,0.0,3.5,1.0,1.28
445.0,2,0.0,3.5,1.0,1.28
446.0,2,0.0,3.5,1.0,1.28
447.0,2,0.13,3.5,1.0,1.28
448.0,2,0.0,3.5,1.0,1.28
449.0,2,0.01,3.5,1.0,1.024
450.0,2,0.18,3.5,1.0,1.024
451.0,2,0.0,3.5,1.0,1.024
452.0,2,0.0,3.5,1.0,1.024
453.0,2,0.0,3.5,1.0,1.024
454.0,2,0.0,3.5,1.0,1.024
455.0,2,0.24,3.5,1.0,1.28
456.0,2,0.0,3.5,1.0,1.28
457.0,2,0.0,3.5,1.0,1.28
458.0,2,0.33,3.5,1.0,1.28
459.0,2,0.0,3.5,1.0,1.28
460.0,2,0.33,3.5,1.0,1.28
461.0,2,0.0,3.5,1.0,1.28
462.0,2,0.34,3.5,1.0,1.28
463.0,2,0.35,3.5,1.0,1.28
464.0,2,0.36,3.5,1.0,1.28
465.0,2,0.33,3.5,1.0,1.28
466.0,2,0.44,1.5,1.0,1.28
467.0,2,0.44,1.5,1.0,1.28
468.0,2,0.49,1.5,1.0,1.28
469.0,2,0.48,1.5,1.0,1.28
470.0,2,0.0,1.5,1.0,1.28
471.0,2,0.54,3.5,1.0,1.28
472.0,2,0.36,3.5,1.0,1.28
473.0,2,0.38,3.5,1.0,1.28
474.0,2,0.35,3.5,1.0,1.28
475.0,2,0.37,3.5,1.0,1.28
476.0,2,0.0,1.0,1.0,1.28
477.0,2,0.0,1.0,1.0,1.28
478.0,2,0.1,1.0,1.0,1.28
479.0,2,0.1,1.0,1.0,1.28
480.0,2,0.05,1.0,1.0,1.28
481.0,2,0.0,3.5,1.0,1.28
482.0,2,0.12,3.5,1.0,1.28
483.0,2,0.0,3.5,1.0,1.28
484.0,2,0.0,3.5,1.0,1.28
485.0,2,0.0,3.5,1.0,1.28
486.0,2,0.0,3.5,1.0,1.28
487.0,2,0.0,3.5,1.0,1.28
488.0,2,0.0,3.5,1.0,1.28
489.0,2,0.0,3.5,1.0,1.28
490.0,2,0.0,3.5,1.0,1.28
491.0,2,0.0,3.5,1.0,1.28
492.0,2,0.0,3.5,1.0,1.28
493.0,2,0.0,3.5,1.0,1.28
494.0,2,0.0,3.5,1.0,1.28
495.0,2,0.0,3.5,1.0,1.28
496.0,2,0.32,3.0,1.0,1.28
497.0,2,0.0,3.0,1.0,1.28
498.0,2,0.28,3.0,1.0,1.28
499.0,2,0.02,3.0,1.0,1.28
500.0,2,0.0,3.0,1.0,1.28
501.0,2,0.42,1.0,1.0,1.28
502.0,2,0.4,1.0,1.0,1.28
503.0,2,0.41,1.0,1.0,1.28
504.0,2,0.26,1.0,1.0,1.28
505.0,2,0.42,1.0,1.0,1.28
506.0,2,0.28,1.0,1.0,1.28
507.0,2,0.25,1.0,1.0,1.28
508.0,2,0.27,1.0,1.0,1.28
509.0,2,0.28,1.0,1.0,1.28
510.0,2,0.27,1.0,1.0,1.28
511.0,2,0.44,1.0,1.0,1.28
512.0,2,0.28,1.0,1.0,1.28
513.0,2,0.1,1.0,1.0,1.28
514.0,2,0.1,1.0,1.0,1.28
515.0,2,0.22,1.0,1.0,1.28
516.0,2,0.0,2.0,1.0,1.28
517.0,2,0.0,2.0,1.0,1.28
518.0,2,0.0,2.0,1.0,1.28
519.0,2,0.0,2.0,1.0,1.28
520.0,2,0.26,2.0,1.0,1.28
521.0,2,0.0,2.0,1.0,1.28
522.0,2,0.0,2.0,1.0,1.28
523.0,2,0.43,2.0,1.0,1.024
524.0,2,0.0,2.0,1.0,1.28
525.0,2,0.48,2.0,1.0,1.28
526.0,2,0.49,0.5,1.0,1.28
527.0,2,0.45,0.5,1.0,1.28
528.0,2,0.24,0.5,1.0,1.024
529.0,2,0.23,0.5,1.0,1.024
530.0,2,0.22,0.5,1.0,1.28
531.0,2,0.0,3.5,1.0,1.28
532.0,2,0.0,3.5,1.0,1.28
533.0,2,0.0,3.5,1.0,1.28
534.0,2,0.0,3.5,1.0,1.28
535.0,2,0.62,3.5,1.0,1.28
536.0,2,0.64,0.0,1.0,1.28
537.0,2,0.0,0.0,1.0,1.28
538.0,2,0.0,0.0,1.0,1.28
539.0,2,0.61,0.0,1.0,1.28
540.0,2,0.58,0.0,1.0,1.28
541.0,2,0.58,0.0,1.0,1.28
542.0,2,0.53,0.0,1.0,1.28
543.0,2,0.52,0.0,1.0,1.28
544.0,2,0.0,0.0,1.0,1.024
545.0,2,0.0,0.0,1.0,1.024
546.0,2,0.0,3.5,1.0,1.024
547.0,2,0.31,3.5,1.0,1.024
548.0,2,0.26,3.5,1.0,1.024
549.0,2,0.23,3.5,1.0,1.024
550.0,2,0.42,3.5,1.0,1.024
551.0,2,0.38,1.0,1.0,1.024
552.0,2,0.0,1.0,1.0,1.024
553.0,2,0.0,1.0,1.0,1.024
554.0,2,0.34,1.0,1.0,1.024
555.0,2,0.0,1.0,1.0,1.024
556.0,2,0.27,1.5,1.0,1.024
557.0,2,0.0,1.5,1.0,1.024
558.0,2,0.36,1.5,1.0,1.024
559.0,2,0.53,1.5,1.0,1.024
560.0,2,0.38,1.5,1.0,1.024
561.0,2,0.78,0.0,1.0,1.024
562.0,2,0.79,0.0,1.0,1.28
563.0,2,0.79,0.0,1.0,1.28
564.0,2,0.77,0.0,1.0,1.28
565.0,2,0.78,0.0,1.0,1.28
566.0,2,0.77,0.0,1.0,1.28
567.0,2,0.36,0.0,1.0,1.28
568.0,2,0.0,0.0,1.0,1.28
569.0,2,0.33,0.0,1.0,1.28
570.0,2,0.57,0.0,1.0,1.28
571.0,2,0.56,0.0,1.0,1.28
572.0,2,0.57,0.0,1.0,1.28
573.0,2,0.57,0.0,1.0,1.28
574.0,2,0.57,0.0,1.0,1.28
575.0,2,0.57,0.0,1.0,1.28
576.0,2,0.33,0.0,1.0,1.28
577.0,2,0.0,1.5,1.0,1.28
578.0,2,0.0,1.5,1.0,1.28
579.0,2,0.0,1.5,1.0,1.024
580.0,2,0.0,1.5,1.0,1.28
581.0,2,0.0,1.5,1.0,1.28
582.0,2,0.0,3.5,1.0,1.28
583.0,2,0.0,3.5,1.0,1.28
584.0,2,0.0,3.5,1.0,1.28
585.0,2,0.0,3.5,1.0,1.28
586.0,2,0.0,3.5,1.0,1.024
587.0,2,0.0,3.5,1.0,1.024
588.0,2,0.0,3.5,1.0,1.024
589.0,2,0.0,3.5,1.0,1.024
590.0,2,0.0,3.5,1.0,1.024
591.0,2,0.0,3.5,1.0,1.024
592.0,2,0.0,3.5,1.0,1.28
593.0,2,0.0,3.5,1.0,1.28
594.0,2,0.0,3.5,1.0,1.28
595.0,2,0.0,3.5,1.0,1.28
596.0,2,0.0,3.5,1.0,1.28
597.0,2,0.0,3.5,1.0,1.28
598.0,2,0.0,3.5,1.0,1.28
599.0,2,0.01,3.5,1.0,1.28
600.0,2,0.0,3.5,1.0,1.28
601.0,2,0.0,3.5,1.0,1.28
602.0,2,0.2,3.5,1.0,1.28
603.0,2,0.34,3.5,1.0,1.28
604.0,2,0.43,3.5,1.0,1.28
605.0,2,0.42,3.5,1.0,1.28
606.0,2,0.41,3.5,1.0,1.28
607.0,2,0.0,1.0,1.0,1.28
608.0,2,0.41,1.0,1.0,1.28
609.0,2,0.41,1.0,1.0,1.28
610.0,2,0.0,1.0,1.0,1.28
611.0,2,0.24,1.0,1.0,1.024
612.0,2,0.01,1.0,1.0,1.024
613.0,2,0.0,1.0,1.0,1.024
614.0,2,0.0,1.0,1.0,1.024
615.0,2,0.22,1.0,1.0,1.024
616.0,2,0.0,1.0,1.0,1.024
617.0,2,0.0,3.5,1.0,1.024
618.0,2,0.0,3.5,1.0,1.024
619.0,2,0.0,3.5,1.0,1.024
620.0,2,0.0,3.5,1.0,1.28
621.0,2,0.07,3.5,1.0,1.024
622.0,2,0.0,3.0,1.0,1.024
623.0,2,0.0,3.0,1.0,1.024
624.0,2,0.0,3.0,1.0,1.28
625.0,2,0.0,3.0,1.0,1.28
626.0,2,0.0,3.0,1.0,1.28
627.0,2,0.0,3.5,1.0,1.024
628.0,2,0.0,3.5,1.0,1.024
629.0,2,0.0,3.5,1.0,1.28
630.0,2,0.0,3.5,1.0,1.28
631.0,2,0.0,3.5,1.0,1.28
632.0,2,0.0,3.5,1.0,1.28
633.0,2,0.24,3.5,1.0,1.28
634.0,2,0.22,3.5,1.0,1.28
635.0,2,0.23,3.5,1.0,1.28
636.0,2,0.23,3.5,1.0,1.28
637.0,2,0.01,2.0,1.0,1.28
638.0,2,0.0,2.0,1.0,1.28
639.0,2,0.0,2.0,1.0,1.28
640.0,2,0.48,2.0,1.0,1.28
641.0,2,0.09,2.0,1.0,1.28
642.0,2,0.0,3.5,1.0,1.28
643.0,2,0.71,3.5,1.0,1.28
644.0,2,0.72,3.5,1.0,1.28
645.0,2,0.7,3.5,1.0,1.28
646.0,2,0.88,3.5,1.0,1.28
647.0,2,0.47,0.5,1.0,1.28
648.0,2,0.46,0.5,1.0,1.28
649.0,2,0.45,0.5,1.0,1.28
650.0,2,0.7,0.5,1.0,1.28
651.0,2,0.7,0.5,1.0,1.28
652.0,2,0.69,0.0,1.0,1.28
653.0,2,0.7,0.0,1.0,1.28
654.0,2,0.75,0.0,1.0,1.28
655.0,2,0.0,0.0,1.0,1.28
656.0,2,0.76,0.0,1.0,1.28
657.0,2,0.38,1.0,1.0,1.28
658.0,2,0.2,1.0,1.0,1.28
659.0,2,0.62,1.0,1.0,1.28
660.0,2,0.62,1.0,1.0,1.28
661.0,2,0.67,1.0,1.0,1.28
662.0,2,0.0,3.5,1.0,1.28
663.0,2,0.68,3.5,1.0,1.28
664.0,2,0.73,3.5,1.0,1.28
665.0,2,0.72,3.5,1.0,1.28
666.0,2,0.74,3.5,1.0,1.28
667.0,2,0.72,0.0,1.0,1.28
668.0,2,0.72,0.0,1.0,1.28
669.0,2,0.71,0.0,1.0,1.28
670.0,2,0.73,0.0,1.0,1.28
671.0,2,0.75,0.0,1.0,1.28
672.0,2,0.76,0.0,1.0,1.28
673.0,2,0.42,0.0,1.0,1.024
674.0,2,0.82,0.0,1.0,1.024
675.0,2,0.73,0.0,1.0,1.024
676.0,2,0.33,0.0,1.0,1.28
677.0,2,0.75,0.0,1.0,1.024
678.0,2,0.74,0.0,1.0,1.28
679.0,2,0.0,0.0,1.0,1.024
680.0,2,0.76,0.0,1.0,1.024
681.0,2,0.0,0.0,1.0,1.28
682.0,2,0.77,0.0,1.0,1.024
683.0,2,0.0,0.0,1.0,1.024
684.0,2,0.0,0.0,1.0,1.024
685.0,2,0.0,0.0,1.0,1.024
686.0,2,0.01,0.0,1.0,1.024
687.0,2,0.01,0.0,1.0,1.28
688.0,2,0.02,3.0,1.0,1.28
689.0,2,0.56,3.0,1.0,1.024
690.0,2,0.0,3.0,1.0,1.024
691.0,2,0.59,3.0,1.0,1.28
692.0,2,0.4,3.0,1.0,1.024
693.0,2,0.39,1.0,1.0,1.024
694.0,2,0.37,1.0,1.0,1.024
695.0,2,0.4,1.0,1.0,1.024
696.0,2,0.17,1.0,1.0,1.024
697.0,2,0.15,1.0,1.0,1.024
698.0,2,0.4,2.5,1.0,1.024
699.0,2,0.35,2.5,1.0,1.024
700.0,2,0.4,2.5,1.0,1.024
701.0,2,0.4,2.5,1.0,1.024
702.0,2,0.0,2.5,1.0,1.024
703.0,2,0.41,3.5,1.0,1.024
704.0,2,0.3,3.5,1.0,1.024
705.0,2,0.33,3.5,1.0,1.024
706.0,2,0.32,3.5,1.0,1.024
707.0,2,0.02,3.5,1.0,1.024
708.0,2,0.04,3.0,1.0,1.024
709.0,2,0.01,3.0,1.0,1.024
710.0,2,0.0,3.0,1.0,1.024
711.0,2,0.0,3.0,1.0,1.024
712.0,2,0.0,3.0,1.0,1.024
713.0,2,0.0,3.5,1.0,1.024
714.0,2,0.0,3.5,1.0,1.024
715.0,2,0.0,3.5,1.0,1.024
716.0,2,0.0,3.5,1.0,1.024
717.0,2,0.0,3.5,1.0,1.024
718.0,2,0.73,0.0,1.0,1.024
719.0,2,0.0,0.0,1.0,1.024
720.0,2,0.0,0.0,1.0,1.024
721.0,2,0.73,0.0,1.0,1.024
722.0,2,0.0,0.0,1.0,1.024
723.0,2,0.74,3.5,1.0,1.024
724.0,2,0.74,3.5,1.0,1.024
725.0,2,0.74,3.5,1.0,1.024
726.0,2,0.74,3.5,1.0,1.024
727.0,2,0.76,3.5,1.0,1.024
728.0,2,0.75,0.0,1.0,1.024
729.0,2,0.0,0.0,1.0,1.024
730.0,2,0.04,0.0,1.0,1.024
731.0,2,0.0,0.0,1.0,1.024
732.0,2,0.04,0.0,1.0,1.024
733.0,2,0.04,3.0,1.0,1.024
734.0,2,0.44,3.0,1.0,1.024
735.0,2,0.44,3.0,1.0,1.024
736.0,2,0.43,3.0,1.0,1.024
737.0,2,0.43,3.0,1.0,1.024
738.0,2,0.42,1.0,1.0,1.024
739.0,2,0.42,1.0,1.0,1.024
740.0,2,0.42,1.0,1.0,1.024
741.0,2,0.41,1.0,1.0,1.024
742.0,2,0.43,1.0,1.0,1.024
743.0,2,0.42,1.0,1.0,1.024
744.0,2,0.47,1.0,1.0,1.024
745.0,2,0.48,1.0,1.0,1.024
746.0,2,0.4,1.0,1.0,1.024
747.0,2,0.4,1.0,1.0,1.024
748.0,2,0.39,1.0,1.0,1.024
749.0,2,0.4,1.0,1.0,1.024
750.0,2,0.39,1.0,1.0,1.024
751.0,2,0.4,1.0,1.0,1.024
752.0,2,0.39,1.0,1.0,1.024
753.0,2,0.0,3.5,1.0,1.024
754.0,2,0.43,3.5,1.0,1.024
755.0,2,0.3,3.5,1.0,1.024
756.0,2,0.51,3.5,1.0,1.024
757.0,2,0.5,3.5,1.0,1.024
758.0,2,0.5,0.5,1.0,1.024
759.0,2,0.49,0.5,1.0,1.024
760.0,2,0.5,0.5,1.0,1.024
761.0,2,0.46,0.5,1.0,1.024
762.0,2,0.45,0.5,1.0,1.024
763.0,2,0.46,0.5,1.0,1.024
764.0,2,0.45,0.5,1.0,1.024
765.0,2,0.45,0.5,1.0,1.024
766.0,2,0.04,0.5,1.0,1.024
767.0,2,0.04,0.5,1.0,1.024
768.0,2,0.04,3.0,1.0,1.024
769.0,2,0.46,3.0,1.0,1.024
770.0,2,0.44,3.0,1.0,1.024
771.0,2,0.45,3.0,1.0,1.024
772.0,2,0.0,3.0,1.0,1.024
773.0,2,0.33,3.5,1.0,1.024
774.0,2,0.41,3.5,1.0,1.024
775.0,2,0.29,3.5,1.0,1.024
776.0,2,0.0,3.5,1.0,1.28
777.0,2,0.13,3.5,1.0,1.28
778.0,2,0.13,2.5,1.0,1.28
779.0,2,0.08,2.5,1.0,1.28
780.0,2,0.05,2.5,1.0,1.28
781.0,2,0.05,2.5,1.0,1.28
782.0,2,0.06,2.5,1.0,1.28
783.0,2,0.06,3.0,1.0,1.28
784.0,2,0.07,3.0,1.0,1.28
785.0,2,0.07,3.0,1.0,1.28
786.0,2,0.0,3.0,1.0,1.28
787.0,2,0.24,3.0,1.0,1.28
788.0,2,0.13,2.5,1.0,1.28
789.0,2,0.13,2.5,1.0,1.28
790.0,2,0.18,2.5,1.0,1.28
791.0,2,0.13,2.5,1.0,1.28
792.0,2,0.13,2.5,1.0,1.28
793.0,2,0.0,2.5,1.0,1.28
794.0,2,0.24,3.5,1.0,1.28
795.0,2,0.24,3.5,1.0,1.28
796.0,2,0.21,3.5,1.0,1.28
797.0,2,0.23,3.5,1.0,1.28
798.0,2,0.23,3.5,1.0,1.28
799.0,2,0.0,2.0,1.0,1.28
800.0,2,0.0,2.0,1.0,1.28
801.0,2,0.0,2.0,1.0,1.28
802.0,2,0.04,2.0,1.0,1.28
803.0,2,0.05,2.0,1.0,1.28
804.0,2,0.0,3.0,1.0,1.28
805.0,2,0.0,3.0,1.0,1.28
806.0,2,0.0,3.0,1.0,1.28
807.0,2,0.0,3.0,1.0,1.28
808.0,2,0.0,3.0,1.0,1.28
809.0,2,0.0,3.5,1.0,1.28
810.0,2,0.0,3.5,1.0,1.28
811.0,2,0.0,3.5,1.0,1.28
812.0,2,0.0,3.5,1.0,1.28
813.0,2,0.0,3.5,1.0,1.28
814.0,2,0.0,3.5,1.0,1.28
815.0,2,0.82,3.5,1.0,1.28
816.0,2,0.81,3.5,1.0,1.28
817.0,2,0.0,3.5,1.0,1.28
818.0,2,0.83,3.5,1.0,1.28
819.0,2,0.0,0.0,1.0,1.28
820.0,2,0.0,0.0,1.0,1.28
821.0,2,0.0,0.0,1.0,1.28
822.0,2,0.0,0.0,1.0,1.28
823.0,2,0.0,0.0,1.0,1.28
824.0,2,0.0,3.5,1.0,1.28
825.0,2,0.86,3.5,1.0,1.28
826.0,2,0.0,3.5,1.0,1.28
827.0,2,0.0,3.5,1.0,1.28
828.0,2,0.82,3.5,1.0,1.28
829.0,2,0.0,3.0,1.0,1.28
830.0,2,0.75,3.0,1.0,1.28
831.0,2,0.0,3.0,1.0,1.28
832.0,2,0.0,3.0,1.0,1.28
833.0,2,0.76,3.0,1.0,1.28
834.0,2,0.0,3.5,1.0,1.28
835.0,2,0.36,3.5,1.0,1.28
836.0,2,0.0,3.5,1.0,1.28
837.0,2,0.34,3.5,1.0,1.28
838.0,2,0.35,3.5,1.0,1.28
839.0,2,0.0,3.5,1.0,1.28
840.0,2,0.35,3.5,1.0,1.28
841.0,2,0.0,3.5,1.0,1.28
842.0,2,0.33,3.5,1.0,1.28
843.0,2,0.72,3.5,1.0,1.28
844.0,2,0.0,3.5,1.0,1.28
845.0,2,0.69,3.5,1.0,1.28
846.0,2,0.0,3.5,1.0,1.28
847.0,2,0.69,3.5,1.0,1.28
848.0,2,0.25,3.5,1.0,1.28
849.0,2,0.0,3.5,1.0,1.28
850.0,2,0.62,3.5,1.0,1.28
851.0,2,0.0,3.5,1.0,1.28
852.0,2,0.64,3.5,1.0,1.28
853.0,2,0.39,3.5,1.0,1.28
854.0,2,0.0,3.5,1.0,1.28
855.0,2,0.0,3.5,1.0,1.28
856.0,2,0.0,3.5,1.0,1.28
857.0,2,0.62,3.5,1.0,1.28
858.0,2,0.0,3.5,1.0,1.28
859.0,2,0.0,3.5,1.0,1.28
860.0,2,0.21,3.5,1.0,1.28
861.0,2,0.0,3.5,1.0,1.28
862.0,2,0.44,3.5,1.0,1.28
863.0,2,0.0,3.5,1.0,1.28
864.0,2,0.0,3.5,1.0,1.28
865.0,2,0.0,3.5,1.0,1.28
866.0,2,0.0,3.5,1.0,1.28
867.0,2,0.34,3.5,1.0,1.28
868.0,2,0.0,3.5,1.0,1.28
869.0,2,0.35,1.5,1.0,1.28
870.0,2,0.03,1.5,1.0,1.28
871.0,2,0.0,1.5,1.0,1.28
872.0,2,0.43,1.5,1.0,1.28
873.0,2,0.0,1.5,1.0,1.28
874.0,2,0.41,1.0,1.0,1.28
875.0,2,0.0,1.0,1.0,1.28
876.0,2,0.0,1.0,1.0,1.28
877.0,2,0.0,1.0,1.0,1.28
878.0,2,0.11,1.0,1.0,1.28
879.0,2,0.11,2.5,1.0,1.28
880.0,2,0.0,2.5,1.0,1.28
881.0,2,0.0,2.5,1.0,1.28
882.0,2,0.28,2.5,1.0,1.28
883.0,2,0.0,2.5,1.0,1.28
884.0,2,0.0,3.5,1.0,1.28
885.0,2,0.31,3.5,1.0,1.28
886.0,2,0.26,3.5,1.0,1.28
887.0,2,0.33,3.5,1.0,1.28
888.0,2,0.45,3.5,1.0,1.28
889.0,2,0.39,1.0,1.0,1.28
890.0,2,0.38,1.0,1.0,1.28
891.0,2,0.38,1.0,1.0,1.28
892.0,2,0.38,1.0,1.0,1.28
893.0,2,0.32,1.0,1.0,1.28
894.0,2,0.33,1.5,1.0,1.28
895.0,2,0.33,1.5,1.0,1.28
896.0,2,0.32,1.5,1.0,1.28
897.0,2,0.33,1.5,1.0,1.28
898.0,2,0.0,1.5,1.0,1.28
899.0,2,0.0,3.5,1.0,1.28
900.0,2,0.0,3.5,1.0,1.28
901.0,2,0.0,3.5,1.0,1.28
902.0,2,0.0,3.5,1.0,1.28
903.0,2,0.0,3.5,1.0,1.28
904.0,2,0.0,3.5,1.0,1.28
905.0,2,0.0,3.5,1.0,1.28
906.0,2,0.0,3.5,1.0,1.28
907.0,2,0.0,3.5,1.0,1.28
908.0,2,0.0,3.5,1.0,1.28
909.0,2,0.0,3.5,1.0,1.28
910.0,2,0.0,3.5,1.0,1.28
911.0,2,0.81,3.5,1.0,1.28
912.0,2,0.43,3.5,1.0,1.28
913.0,2,0.0,3.5,1.0,1.28
914.0,2,0.67,3.5,1.0,1.28
915.0,2,0.0,0.0,1.0,1.28
916.0,2,0.66,0.0,1.0,1.024
917.0,2,0.26,0.0,1.0,1.28
918.0,2,0.0,0.0,1.0,1.28
919.0,2,0.24,0.0,1.0,1.28
920.0,2,0.0,2.0,1.0,1.28
921.0,2,0.65,2.0,1.0,1.28
922.0,2,0.0,2.0,1.0,1.28
923.0,2,0.25,2.0,1.0,1.28
924.0,2,0.64,2.0,1.0,1.28
925.0,2,0.0,2.0,1.0,1.28
926.0,2,0.3,2.0,1.0,1.28
927.0,2,0.13,2.0,1.0,1.28
928.0,2,0.13,2.0,1.0,1.28
929.0,2,0.0,2.0,1.0,1.28
930.0,2,0.0,3.5,1.0,1.28
931.0,2,0.0,3.5,1.0,1.28
932.0,2,0.54,3.5,1.0,1.28
933.0,2,0.0,3.5,1.0,1.28
934.0,2,0.72,3.5,1.0,1.28
935.0,2,0.71,0.0,1.0,1.28
936.0,2,0.73,0.0,1.0,1.28
937.0,2,0.62,0.0,1.0,1.28
938.0,2,0.59,0.0,1.0,1.28
939.0,2,0.61,0.0,1.0,1.28
940.0,2,0.0,0.0,1.0,1.28
941.0,2,0.61,0.0,1.0,1.28
942.0,2,0.0,0.0,1.0,1.28
943.0,2,0.0,0.0,1.0,1.28
944.0,2,0.0,0.0,1.0,1.28
945.0,2,0.0,3.5,1.0,1.28
946.0,2,0.58,3.5,1.0,1.28
947.0,2,0.57,3.5,1.0,1.28
948.0,2,0.47,3.5,1.0,1.28
949.0,2,0.44,3.5,1.0,1.28
950.0,2,0.32,1.0,1.0,1.024
951.0,2,0.33,1.0,1.0,1.024
952.0,2,0.32,1.0,1.0,1.024
953.0,2,0.32,1.0,1.0,1.024
954.0,2,0.33,1.0,1.0,1.024
955.0,2,0.33,1.5,1.0,1.024
956.0,2,0.0,1.5,1.0,1.024
957.0,2,0.0,1.5,1.0,1.024
958.0,2,0.0,1.5,1.0,1.024
959.0,2,0.0,1.5,1.0,1.024
960.0,2,0.0,3.5,1.0,1.024
961.0,2,0.0,3.5,1.0,1.024
962.0,2,0.0,3.5,1.0,1.024
963.0,2,0.0,3.5,1.0,1.024
964.0,2,0.0,3.5,1.0,1.024
965.0,2,0.0,3.5,1.0,1.024
966.0,2,0.06,3.5,1.0,1.024
967.0,2,0.0,3.5,1.0,1.28
968.0,2,0.0,3.5,1.0,1.28
969.0,2,0.0,3.5,1.0,1.28
970.0,2,0.0,3.5,1.0,1.28
971.0,2,0.05,3.5,1.0,1.28
972.0,2,0.0,3.5,1.0,1.28
973.0,2,0.16,3.5,1.0,1.28
974.0,2,0.0,3.5,1.0,1.28
975.0,2,0.0,3.5,1.0,1.28
976.0,2,0.0,3.5,1.0,1.28
977.0,2,0.0,3.5,1.0,1.28
978.0,2,0.34,3.5,1.0,1.28
979.0,2,0.1,3.5,1.0,1.28
980.0,2,0.26,2.0,1.0,1.28
981.0,2,0.09,2.0,1.0,1.28
982.0,2,0.0,2.0,1.0,1.28
983.0,2,0.09,2.0,1.0,1.28
984.0,2,0.0,2.0,1.0,1.28
985.0,2,0.07,2.5,1.0,1.28
986.0,2,0.09,2.5,1.0,1.28
987.0,2,0.0,2.5,1.0,1.28
988.0,2,0.0,2.5,1.0,1.28
989.0,2,0.0,2.5,1.0,1.28
990.0,2,0.0,3.5,1.0,1.28
991.0,2,0.0,3.5,1.0,1.28
992.0,2,0.0,3.5,1.0,1.28
993.0,2,0.0,3.5,1.0,1.28
994.0,2,0.0,3.5,1.0,1.28
995.0,2,0.0,3.5,1.0,1.28
996.0,2,0.0,3.5,1.0,1.28
997.0,2,0.0,3.5,1.0,1.28
998.0,2,0.0,3.5,1.0,1.28
999.0,2,0.0,3.5,1.0,1.28
1000.0,2,0.67,0.0,1.0,1.28
